user,topic,score,num_questions,attempted_at
synth_user_000,operating_systems,0.5119,5,2026-05-04 05:15:07.266642+00:00
synth_user_000,operating_systems,0.5119,20,2026-05-04 05:15:07.429035+00:00
synth_user_000,networks,0.7316,20,2026-05-04 05:15:07.590153+00:00
synth_user_000,linear_algebra,0.6268,5,2026-05-04 05:15:07.740780+00:00
synth_user_000,statistics,0.4731,20,2026-05-04 05:15:07.908955+00:00
synth_user_000,linear_algebra,0.5998,10,2026-05-04 05:15:08.080770+00:00
synth_user_000,statistics,0.4738,20,2026-05-04 05:15:08.322403+00:00
synth_user_000,machine_learning,0.4629,10,2026-05-04 05:15:08.473063+00:00
synth_user_000,calculus,0.5531,5,2026-05-04 05:15:08.639508+00:00
synth_user_000,machine_learning,0.2892,10,2026-05-04 05:15:08.789408+00:00
synth_user_000,operating_systems,0.333,15,2026-05-04 05:15:08.946808+00:00
synth_user_000,linear_algebra,0.4672,15,2026-05-04 05:15:09.110244+00:00
synth_user_000,databases,0.4238,10,2026-05-04 05:15:09.336763+00:00
synth_user_000,linear_algebra,0.5724,10,2026-05-04 05:15:09.486818+00:00
synth_user_000,machine_learning,0.4098,10,2026-05-04 05:15:09.634995+00:00
synth_user_000,networks,0.3727,5,2026-05-04 05:15:09.818211+00:00
synth_user_000,databases,0.7212,10,2026-05-04 05:15:09.969527+00:00
synth_user_000,calculus,0.497,20,2026-05-04 05:15:10.115931+00:00
synth_user_000,databases,0.5534,20,2026-05-04 05:15:10.267486+00:00
synth_user_000,object_oriented_programming,0.3797,15,2026-05-04 05:15:10.516767+00:00
synth_user_000,calculus,0.4588,10,2026-05-04 05:15:10.680020+00:00
synth_user_001,statistics,0.6341,10,2026-05-04 05:16:22.340660+00:00
synth_user_001,machine_learning,0.4379,5,2026-05-04 05:16:22.466627+00:00
synth_user_001,machine_learning,0.7324,15,2026-05-04 05:16:22.599519+00:00
synth_user_001,statistics,0.5188,15,2026-05-04 05:16:22.729825+00:00
synth_user_001,machine_learning,0.3832,10,2026-05-04 05:16:22.880987+00:00
synth_user_001,linear_algebra,0.6242,10,2026-05-04 05:16:23.027683+00:00
synth_user_001,object_oriented_programming,0.3944,20,2026-05-04 05:16:23.184041+00:00
synth_user_001,object_oriented_programming,0.566,5,2026-05-04 05:16:23.407612+00:00
synth_user_001,networks,0.2975,5,2026-05-04 05:16:23.558769+00:00
synth_user_001,operating_systems,0.3713,5,2026-05-04 05:16:23.708275+00:00
synth_user_001,operating_systems,0.5543,10,2026-05-04 05:16:23.840969+00:00
synth_user_001,databases,0.6244,10,2026-05-04 05:16:23.974241+00:00
synth_user_001,databases,0.5563,10,2026-05-04 05:16:24.124682+00:00
synth_user_001,databases,0.5219,15,2026-05-04 05:16:24.258397+00:00
synth_user_001,networks,0.4966,20,2026-05-04 05:16:24.488781+00:00
synth_user_001,networks,0.3553,20,2026-05-04 05:16:24.649815+00:00
synth_user_001,machine_learning,0.4237,20,2026-05-04 05:16:24.805087+00:00
synth_user_001,machine_learning,0.4548,10,2026-05-04 05:16:24.946223+00:00
synth_user_002,databases,0.7396,20,2026-05-04 05:17:37.918914+00:00
synth_user_002,operating_systems,0.6337,15,2026-05-04 05:17:38.055586+00:00
synth_user_002,databases,0.7968,10,2026-05-04 05:17:38.198530+00:00
synth_user_002,linear_algebra,0.8301,15,2026-05-04 05:17:38.332877+00:00
synth_user_002,linear_algebra,0.8182,20,2026-05-04 05:17:38.482791+00:00
synth_user_002,statistics,0.5972,10,2026-05-04 05:17:38.722323+00:00
synth_user_003,statistics,0.6831,10,2026-05-04 05:19:21.586846+00:00
synth_user_003,networks,0.4321,5,2026-05-04 05:19:21.714290+00:00
synth_user_003,databases,0.4247,10,2026-05-04 05:19:21.875488+00:00
synth_user_003,machine_learning,0.6372,15,2026-05-04 05:19:22.016785+00:00
synth_user_003,operating_systems,0.7253,5,2026-05-04 05:19:22.171661+00:00
synth_user_003,linear_algebra,0.5482,5,2026-05-04 05:19:22.308657+00:00
synth_user_003,linear_algebra,0.6773,15,2026-05-04 05:19:22.577462+00:00
synth_user_003,operating_systems,0.606,15,2026-05-04 05:19:22.714184+00:00
synth_user_003,object_oriented_programming,0.4966,5,2026-05-04 05:19:22.856958+00:00
synth_user_003,machine_learning,0.5831,10,2026-05-04 05:19:22.989828+00:00
synth_user_003,networks,0.7494,15,2026-05-04 05:19:23.130200+00:00
synth_user_003,operating_systems,0.5583,5,2026-05-04 05:19:23.259270+00:00
synth_user_003,databases,0.756,10,2026-05-04 05:19:23.400386+00:00
synth_user_003,databases,0.2539,10,2026-05-04 05:19:23.629856+00:00
synth_user_004,machine_learning,0.8096,10,2026-05-04 05:20:28.710704+00:00
synth_user_004,networks,0.6959,20,2026-05-04 05:20:28.838164+00:00
synth_user_004,networks,0.7651,20,2026-05-04 05:20:28.965124+00:00
synth_user_004,object_oriented_programming,0.9133,10,2026-05-04 05:20:29.213660+00:00
synth_user_004,linear_algebra,0.6481,10,2026-05-04 05:20:29.340175+00:00
synth_user_004,statistics,0.6047,5,2026-05-04 05:20:29.467506+00:00
synth_user_004,databases,0.6672,5,2026-05-04 05:20:29.620266+00:00
synth_user_004,networks,0.8321,10,2026-05-04 05:20:29.760716+00:00
synth_user_004,databases,0.7669,15,2026-05-04 05:20:29.901787+00:00
synth_user_004,machine_learning,0.621,20,2026-05-04 05:20:30.042392+00:00
synth_user_004,databases,0.789,20,2026-05-04 05:20:30.258271+00:00
synth_user_005,calculus,0.3224,15,2026-05-04 05:21:40.887267+00:00
synth_user_005,calculus,0.3673,15,2026-05-04 05:21:41.034379+00:00
synth_user_005,calculus,0.3596,20,2026-05-04 05:21:41.168545+00:00
synth_user_005,statistics,0.234,10,2026-05-04 05:21:41.411189+00:00
synth_user_005,linear_algebra,0.4482,5,2026-05-04 05:21:41.571823+00:00
synth_user_005,machine_learning,0.4349,10,2026-05-04 05:21:41.716122+00:00
synth_user_005,linear_algebra,0.4133,5,2026-05-04 05:21:41.850466+00:00
synth_user_005,calculus,0.3785,15,2026-05-04 05:21:41.986024+00:00
synth_user_005,databases,0.2489,10,2026-05-04 05:21:42.116234+00:00
synth_user_005,calculus,0.3561,15,2026-05-04 05:21:42.244387+00:00
synth_user_005,networks,0.3758,10,2026-05-04 05:21:42.374959+00:00
synth_user_005,networks,0.3207,5,2026-05-04 05:21:42.617868+00:00
synth_user_005,calculus,0.3873,5,2026-05-04 05:21:42.773492+00:00
synth_user_006,machine_learning,0.7493,15,2026-05-04 05:23:08.731863+00:00
synth_user_006,object_oriented_programming,0.3898,5,2026-05-04 05:23:08.869547+00:00
synth_user_006,machine_learning,0.5777,20,2026-05-04 05:23:09.075954+00:00
synth_user_006,machine_learning,0.5881,20,2026-05-04 05:23:09.219194+00:00
synth_user_006,databases,0.9091,20,2026-05-04 05:23:09.427620+00:00
synth_user_006,statistics,0.5708,15,2026-05-04 05:23:09.552266+00:00
synth_user_006,networks,0.6458,5,2026-05-04 05:23:09.677297+00:00
synth_user_006,networks,0.6054,20,2026-05-04 05:23:09.810611+00:00
synth_user_006,object_oriented_programming,0.4798,5,2026-05-04 05:23:09.942573+00:00
synth_user_006,networks,0.7467,20,2026-05-04 05:23:10.108612+00:00
synth_user_006,calculus,0.6776,15,2026-05-04 05:23:10.237268+00:00
synth_user_007,machine_learning,0.6969,20,2026-05-04 05:24:23.089444+00:00
synth_user_007,linear_algebra,0.9116,10,2026-05-04 05:24:23.263009+00:00
synth_user_007,databases,0.5448,5,2026-05-04 05:24:23.397761+00:00
synth_user_007,calculus,0.566,20,2026-05-04 05:24:23.550822+00:00
synth_user_007,calculus,0.6459,5,2026-05-04 05:24:23.701524+00:00
synth_user_007,operating_systems,0.5958,20,2026-05-04 05:24:23.843694+00:00
synth_user_007,linear_algebra,0.4627,15,2026-05-04 05:24:24.001049+00:00
synth_user_008,networks,0.3292,5,2026-05-04 05:25:45.940929+00:00
synth_user_008,object_oriented_programming,0.3504,10,2026-05-04 05:25:46.100706+00:00
synth_user_008,linear_algebra,0.3955,20,2026-05-04 05:25:46.333637+00:00
synth_user_008,operating_systems,0.5352,10,2026-05-04 05:25:46.475089+00:00
synth_user_008,machine_learning,0.2761,20,2026-05-04 05:25:46.614148+00:00
synth_user_008,networks,0.4662,20,2026-05-04 05:25:46.758441+00:00
synth_user_008,machine_learning,0.5807,20,2026-05-04 05:25:46.914998+00:00
synth_user_009,statistics,0.3299,20,2026-05-04 05:26:51.449141+00:00
synth_user_009,object_oriented_programming,0.3962,15,2026-05-04 05:26:51.594492+00:00
synth_user_009,linear_algebra,0.1512,15,2026-05-04 05:26:51.744388+00:00
synth_user_009,machine_learning,0.1384,20,2026-05-04 05:26:51.903097+00:00
synth_user_009,object_oriented_programming,0.365,5,2026-05-04 05:26:52.167645+00:00
synth_user_009,linear_algebra,0.3353,15,2026-05-04 05:26:52.317359+00:00
synth_user_009,operating_systems,0.3306,15,2026-05-04 05:26:52.469877+00:00
synth_user_009,machine_learning,0.3384,5,2026-05-04 05:26:52.617177+00:00
synth_user_009,machine_learning,0.2153,20,2026-05-04 05:26:52.767229+00:00
synth_user_009,object_oriented_programming,0.3303,20,2026-05-04 05:26:52.926505+00:00
synth_user_009,networks,0.3361,5,2026-05-04 05:26:53.082034+00:00
synth_user_009,operating_systems,0.2148,15,2026-05-04 05:26:53.391057+00:00
synth_user_009,machine_learning,0.5207,15,2026-05-04 05:26:53.573742+00:00
synth_user_009,databases,0.3583,20,2026-05-04 05:26:53.771589+00:00
synth_user_009,statistics,0.1558,15,2026-05-04 05:26:53.938553+00:00
synth_user_009,calculus,0.3766,20,2026-05-04 05:26:54.095827+00:00
synth_user_009,machine_learning,0.1799,20,2026-05-04 05:26:54.337639+00:00
synth_user_009,databases,0.3959,5,2026-05-04 05:26:54.496147+00:00
synth_user_009,object_oriented_programming,0.4414,20,2026-05-04 05:26:54.666942+00:00
synth_user_009,statistics,0.2002,15,2026-05-04 05:26:54.818602+00:00
synth_user_010,databases,0.5264,20,2026-05-04 05:27:57.267918+00:00
synth_user_010,linear_algebra,0.4544,20,2026-05-04 05:27:57.422365+00:00
synth_user_010,statistics,0.4326,20,2026-05-04 05:27:57.579163+00:00
synth_user_010,calculus,0.4359,10,2026-05-04 05:27:57.721807+00:00
synth_user_010,object_oriented_programming,0.552,15,2026-05-04 05:27:57.869856+00:00
synth_user_010,networks,0.5934,15,2026-05-04 05:27:58.019609+00:00
synth_user_010,operating_systems,0.5835,10,2026-05-04 05:27:58.160428+00:00
synth_user_010,machine_learning,0.6276,20,2026-05-04 05:27:58.394957+00:00
synth_user_010,linear_algebra,0.5464,10,2026-05-04 05:27:58.544727+00:00
synth_user_010,object_oriented_programming,0.7357,10,2026-05-04 05:27:58.692837+00:00
synth_user_010,databases,0.524,20,2026-05-04 05:27:58.834218+00:00
synth_user_010,object_oriented_programming,0.8877,20,2026-05-04 05:27:58.976703+00:00
synth_user_010,networks,0.6276,10,2026-05-04 05:27:59.116252+00:00
synth_user_011,networks,0.3508,5,2026-05-04 05:29:22.508503+00:00
synth_user_011,operating_systems,0.3396,15,2026-05-04 05:29:22.647505+00:00
synth_user_011,databases,0.4542,20,2026-05-04 05:29:22.787090+00:00
synth_user_011,operating_systems,0.4232,5,2026-05-04 05:29:23.009266+00:00
synth_user_011,operating_systems,0.3576,10,2026-05-04 05:29:23.141986+00:00
synth_user_011,networks,0.2656,15,2026-05-04 05:29:23.268691+00:00
synth_user_011,linear_algebra,0.1825,15,2026-05-04 05:29:23.418075+00:00
synth_user_011,operating_systems,0.3128,10,2026-05-04 05:29:23.584119+00:00
synth_user_011,databases,0.4713,20,2026-05-04 05:29:23.719916+00:00
synth_user_011,networks,0.3929,10,2026-05-04 05:29:23.848952+00:00
synth_user_011,calculus,0.2105,15,2026-05-04 05:29:24.075481+00:00
synth_user_011,databases,0.3893,10,2026-05-04 05:29:24.213593+00:00
synth_user_011,object_oriented_programming,0.4169,20,2026-05-04 05:29:24.356963+00:00
synth_user_011,calculus,0.2539,15,2026-05-04 05:29:24.506482+00:00
synth_user_011,linear_algebra,0.3827,20,2026-05-04 05:29:24.645677+00:00
synth_user_012,statistics,0.6965,20,2026-05-04 05:30:19.388427+00:00
synth_user_012,networks,0.7074,10,2026-05-04 05:30:19.602122+00:00
synth_user_012,calculus,0.3952,20,2026-05-04 05:30:19.715301+00:00
synth_user_012,operating_systems,0.466,15,2026-05-04 05:30:19.850363+00:00
synth_user_012,machine_learning,0.6163,15,2026-05-04 05:30:19.983914+00:00
synth_user_012,statistics,0.6282,20,2026-05-04 05:30:20.123845+00:00
synth_user_012,statistics,0.6283,20,2026-05-04 05:30:20.256253+00:00
synth_user_012,operating_systems,1.0,15,2026-05-04 05:30:20.387768+00:00
synth_user_012,networks,0.6494,5,2026-05-04 05:30:20.521610+00:00
synth_user_012,databases,0.7208,5,2026-05-04 05:30:20.744527+00:00
synth_user_012,object_oriented_programming,0.705,15,2026-05-04 05:30:20.879028+00:00
synth_user_013,object_oriented_programming,0.5001,10,2026-05-04 05:31:39.710430+00:00
synth_user_013,calculus,0.5839,20,2026-05-04 05:31:39.856107+00:00
synth_user_013,linear_algebra,0.6672,20,2026-05-04 05:31:39.999961+00:00
synth_user_013,statistics,0.9275,10,2026-05-04 05:31:40.205958+00:00
synth_user_013,object_oriented_programming,0.4561,5,2026-05-04 05:31:40.349625+00:00
synth_user_013,object_oriented_programming,0.7625,10,2026-05-04 05:31:40.479444+00:00
synth_user_013,machine_learning,0.4411,20,2026-05-04 05:31:40.639712+00:00
synth_user_013,object_oriented_programming,0.6235,15,2026-05-04 05:31:40.777553+00:00
synth_user_013,databases,0.8032,5,2026-05-04 05:31:40.945228+00:00
synth_user_013,object_oriented_programming,0.6879,5,2026-05-04 05:31:41.080256+00:00
synth_user_013,operating_systems,0.5356,5,2026-05-04 05:31:41.350038+00:00
synth_user_013,databases,0.5867,5,2026-05-04 05:31:41.484520+00:00
synth_user_013,statistics,0.7313,5,2026-05-04 05:31:41.622254+00:00
synth_user_013,networks,0.5804,5,2026-05-04 05:31:41.767488+00:00
synth_user_013,statistics,0.6758,5,2026-05-04 05:31:41.927291+00:00
synth_user_013,networks,0.6735,5,2026-05-04 05:31:42.076256+00:00
synth_user_013,machine_learning,0.5564,20,2026-05-04 05:31:42.209377+00:00
synth_user_013,statistics,0.9071,15,2026-05-04 05:31:42.346201+00:00
synth_user_013,networks,0.7441,10,2026-05-04 05:31:42.491336+00:00
synth_user_014,machine_learning,0.181,20,2026-05-04 05:32:45.429039+00:00
synth_user_014,machine_learning,0.2624,5,2026-05-04 05:32:45.557928+00:00
synth_user_014,operating_systems,0.3388,5,2026-05-04 05:32:45.690411+00:00
synth_user_014,operating_systems,0.3821,20,2026-05-04 05:32:45.910791+00:00
synth_user_014,databases,0.1347,15,2026-05-04 05:32:46.073035+00:00
synth_user_014,statistics,0.237,10,2026-05-04 05:32:46.216066+00:00
synth_user_014,statistics,0.2202,5,2026-05-04 05:32:46.389111+00:00
synth_user_014,statistics,0.1988,15,2026-05-04 05:32:46.530078+00:00
synth_user_014,machine_learning,0.488,20,2026-05-04 05:32:46.663919+00:00
synth_user_014,operating_systems,0.3268,20,2026-05-04 05:32:46.824239+00:00
synth_user_014,networks,0.1271,15,2026-05-04 05:32:47.068849+00:00
synth_user_014,calculus,0.3868,5,2026-05-04 05:32:47.196300+00:00
synth_user_014,calculus,0.5313,5,2026-05-04 05:32:47.326341+00:00
synth_user_014,databases,0.4026,10,2026-05-04 05:32:47.452918+00:00
synth_user_014,machine_learning,0.0938,10,2026-05-04 05:32:47.603637+00:00
synth_user_014,operating_systems,0.2201,20,2026-05-04 05:32:47.752167+00:00
synth_user_014,machine_learning,0.4282,10,2026-05-04 05:32:47.892940+00:00
synth_user_014,machine_learning,0.1912,10,2026-05-04 05:32:48.135852+00:00
synth_user_014,operating_systems,0.3315,15,2026-05-04 05:32:48.298151+00:00
synth_user_014,databases,0.3717,10,2026-05-04 05:32:48.424060+00:00
synth_user_014,operating_systems,0.167,5,2026-05-04 05:32:48.549313+00:00
synth_user_014,machine_learning,0.269,5,2026-05-04 05:32:48.690037+00:00
synth_user_015,machine_learning,0.1297,5,2026-05-04 05:33:40.821446+00:00
synth_user_015,networks,0.2904,10,2026-05-04 05:33:40.951435+00:00
synth_user_015,networks,0.2499,5,2026-05-04 05:33:41.102362+00:00
synth_user_015,statistics,0.3104,15,2026-05-04 05:33:41.258838+00:00
synth_user_015,operating_systems,0.5871,10,2026-05-04 05:33:41.391720+00:00
synth_user_015,calculus,0.3509,5,2026-05-04 05:33:41.566291+00:00
synth_user_015,linear_algebra,0.4135,5,2026-05-04 05:33:41.716329+00:00
synth_user_016,calculus,0.1991,15,2026-05-04 05:35:00.082227+00:00
synth_user_016,statistics,0.5839,10,2026-05-04 05:35:00.205567+00:00
synth_user_016,calculus,0.353,10,2026-05-04 05:35:00.340329+00:00
synth_user_016,operating_systems,0.6904,20,2026-05-04 05:35:00.466589+00:00
synth_user_016,linear_algebra,0.5161,20,2026-05-04 05:35:00.616328+00:00
synth_user_016,networks,0.447,15,2026-05-04 05:35:00.749635+00:00
synth_user_016,calculus,0.4795,15,2026-05-04 05:35:00.881369+00:00
synth_user_016,calculus,0.4138,10,2026-05-04 05:35:01.023646+00:00
synth_user_016,calculus,0.3684,20,2026-05-04 05:35:01.164410+00:00
synth_user_016,object_oriented_programming,0.4688,5,2026-05-04 05:35:01.439951+00:00
synth_user_016,machine_learning,0.5296,20,2026-05-04 05:35:01.583761+00:00
synth_user_016,calculus,0.3711,5,2026-05-04 05:35:01.721407+00:00
synth_user_016,operating_systems,0.3624,5,2026-05-04 05:35:01.881507+00:00
synth_user_016,object_oriented_programming,0.4013,20,2026-05-04 05:35:02.008650+00:00
synth_user_017,statistics,0.3905,15,2026-05-04 05:36:18.372036+00:00
synth_user_017,databases,0.5836,20,2026-05-04 05:36:18.507183+00:00
synth_user_017,operating_systems,0.5405,5,2026-05-04 05:36:18.640016+00:00
synth_user_017,calculus,0.3767,5,2026-05-04 05:36:18.781300+00:00
synth_user_017,machine_learning,0.2433,20,2026-05-04 05:36:18.915096+00:00
synth_user_017,machine_learning,0.3114,20,2026-05-04 05:36:19.099672+00:00
synth_user_017,operating_systems,0.394,20,2026-05-04 05:36:19.345027+00:00
synth_user_017,networks,0.6153,15,2026-05-04 05:36:19.494898+00:00
synth_user_017,calculus,0.6483,5,2026-05-04 05:36:19.635345+00:00
synth_user_017,databases,0.4256,5,2026-05-04 05:36:19.779572+00:00
synth_user_017,networks,0.427,15,2026-05-04 05:36:19.918942+00:00
synth_user_017,object_oriented_programming,0.5139,5,2026-05-04 05:36:20.071864+00:00
synth_user_017,calculus,0.4634,10,2026-05-04 05:36:20.210222+00:00
synth_user_017,databases,0.5901,20,2026-05-04 05:36:20.434854+00:00
synth_user_017,machine_learning,0.3951,20,2026-05-04 05:36:20.573391+00:00
synth_user_017,linear_algebra,0.5841,20,2026-05-04 05:36:20.725355+00:00
synth_user_017,object_oriented_programming,0.4538,5,2026-05-04 05:36:20.894589+00:00
synth_user_017,calculus,0.5644,10,2026-05-04 05:36:21.031649+00:00
synth_user_017,databases,0.4458,10,2026-05-04 05:36:21.172246+00:00
synth_user_017,databases,0.4048,15,2026-05-04 05:36:21.305011+00:00
synth_user_018,networks,0.7497,15,2026-05-04 05:37:46.135999+00:00
synth_user_018,calculus,0.4396,20,2026-05-04 05:37:46.290337+00:00
synth_user_018,calculus,0.6757,20,2026-05-04 05:37:46.442244+00:00
synth_user_018,statistics,0.6697,10,2026-05-04 05:37:46.597321+00:00
synth_user_018,statistics,0.5057,20,2026-05-04 05:37:46.746813+00:00
synth_user_018,databases,0.6079,10,2026-05-04 05:37:47.004118+00:00
synth_user_018,linear_algebra,0.3453,5,2026-05-04 05:37:47.154113+00:00
synth_user_018,calculus,0.7956,10,2026-05-04 05:37:47.303637+00:00
synth_user_018,operating_systems,0.5654,5,2026-05-04 05:37:47.444792+00:00
synth_user_018,databases,0.7054,10,2026-05-04 05:37:47.595727+00:00
synth_user_018,object_oriented_programming,0.6891,10,2026-05-04 05:37:47.745593+00:00
synth_user_018,machine_learning,0.7397,10,2026-05-04 05:37:47.885144+00:00
synth_user_018,linear_algebra,0.5441,5,2026-05-04 05:37:48.117510+00:00
synth_user_018,machine_learning,0.6012,5,2026-05-04 05:37:48.251461+00:00
synth_user_018,calculus,0.6503,20,2026-05-04 05:37:48.399773+00:00
synth_user_018,networks,0.7098,20,2026-05-04 05:37:48.549195+00:00
synth_user_018,networks,0.7436,10,2026-05-04 05:37:48.690536+00:00
synth_user_018,linear_algebra,0.5388,5,2026-05-04 05:37:48.823060+00:00
synth_user_018,machine_learning,0.497,5,2026-05-04 05:37:48.957495+00:00
synth_user_018,calculus,0.7464,10,2026-05-04 05:37:49.197124+00:00
synth_user_018,object_oriented_programming,0.371,20,2026-05-04 05:37:49.363447+00:00
synth_user_019,machine_learning,0.5097,15,2026-05-04 05:39:07.286850+00:00
synth_user_019,object_oriented_programming,0.5931,20,2026-05-04 05:39:07.421576+00:00
synth_user_019,calculus,0.6317,20,2026-05-04 05:39:07.551363+00:00
synth_user_019,calculus,0.7901,20,2026-05-04 05:39:07.691299+00:00
synth_user_019,operating_systems,0.7525,15,2026-05-04 05:39:07.817441+00:00
synth_user_019,databases,0.7266,20,2026-05-04 05:39:07.950050+00:00
synth_user_019,linear_algebra,0.6632,10,2026-05-04 05:39:08.082711+00:00
synth_user_019,databases,0.4941,10,2026-05-04 05:39:08.216368+00:00
synth_user_019,operating_systems,0.5587,5,2026-05-04 05:39:08.448628+00:00
synth_user_019,statistics,0.6038,15,2026-05-04 05:39:08.608341+00:00
synth_user_019,databases,0.7224,10,2026-05-04 05:39:08.756646+00:00
synth_user_019,calculus,0.6459,15,2026-05-04 05:39:08.899714+00:00
synth_user_019,networks,0.781,20,2026-05-04 05:39:09.046614+00:00
synth_user_019,calculus,0.6944,5,2026-05-04 05:39:09.204926+00:00
synth_user_019,object_oriented_programming,0.6815,10,2026-05-04 05:39:09.346046+00:00
synth_user_019,calculus,0.9106,15,2026-05-04 05:39:09.495778+00:00
synth_user_020,databases,0.2992,15,2026-05-04 05:40:23.180852+00:00
synth_user_020,databases,0.378,5,2026-05-04 05:40:23.329312+00:00
synth_user_020,databases,0.5085,20,2026-05-04 05:40:23.471837+00:00
synth_user_020,databases,0.217,20,2026-05-04 05:40:23.619464+00:00
synth_user_020,machine_learning,0.4727,15,2026-05-04 05:40:23.762578+00:00
synth_user_020,statistics,0.3648,5,2026-05-04 05:40:23.903586+00:00
synth_user_020,operating_systems,0.2262,20,2026-05-04 05:40:24.176092+00:00
synth_user_021,operating_systems,0.8466,5,2026-05-04 05:41:41.251037+00:00
synth_user_021,object_oriented_programming,0.7155,10,2026-05-04 05:41:41.468195+00:00
synth_user_021,linear_algebra,0.852,10,2026-05-04 05:41:41.609751+00:00
synth_user_021,linear_algebra,0.6346,15,2026-05-04 05:41:41.752086+00:00
synth_user_021,linear_algebra,1.0,10,2026-05-04 05:41:41.892109+00:00
synth_user_021,calculus,0.9143,5,2026-05-04 05:41:42.037071+00:00
synth_user_021,calculus,0.7164,15,2026-05-04 05:41:42.183484+00:00
synth_user_021,databases,0.6076,15,2026-05-04 05:41:42.317656+00:00
synth_user_021,linear_algebra,0.9555,15,2026-05-04 05:41:42.450458+00:00
synth_user_021,operating_systems,0.7894,15,2026-05-04 05:41:42.591725+00:00
synth_user_022,calculus,0.6024,15,2026-05-04 05:42:57.710457+00:00
synth_user_022,calculus,0.6097,5,2026-05-04 05:42:57.861486+00:00
synth_user_022,operating_systems,0.6356,10,2026-05-04 05:42:58.026764+00:00
synth_user_022,object_oriented_programming,0.5898,10,2026-05-04 05:42:58.275482+00:00
synth_user_022,networks,0.7075,15,2026-05-04 05:42:58.409603+00:00
synth_user_022,object_oriented_programming,0.5157,10,2026-05-04 05:42:58.568998+00:00
synth_user_022,statistics,0.599,15,2026-05-04 05:42:58.709325+00:00
synth_user_022,statistics,0.6305,10,2026-05-04 05:42:58.858740+00:00
synth_user_022,databases,0.6986,10,2026-05-04 05:42:59.001344+00:00
synth_user_022,networks,0.7181,5,2026-05-04 05:42:59.154454+00:00
synth_user_022,networks,0.4978,20,2026-05-04 05:42:59.423348+00:00
synth_user_022,machine_learning,0.418,5,2026-05-04 05:42:59.573373+00:00
synth_user_023,databases,0.8542,10,2026-05-04 05:44:01.924497+00:00
synth_user_023,statistics,0.7307,15,2026-05-04 05:44:02.052538+00:00
synth_user_023,calculus,0.5909,5,2026-05-04 05:44:02.260191+00:00
synth_user_023,linear_algebra,0.8429,5,2026-05-04 05:44:02.451144+00:00
synth_user_023,calculus,0.7934,20,2026-05-04 05:44:02.604978+00:00
synth_user_023,linear_algebra,0.5658,15,2026-05-04 05:44:02.727217+00:00
synth_user_023,calculus,0.6993,15,2026-05-04 05:44:02.849339+00:00
synth_user_023,calculus,0.6602,20,2026-05-04 05:44:02.991336+00:00
synth_user_023,databases,0.7728,5,2026-05-04 05:44:03.132058+00:00
synth_user_023,statistics,0.4734,5,2026-05-04 05:44:03.346750+00:00
synth_user_023,operating_systems,0.6844,5,2026-05-04 05:44:03.495797+00:00
synth_user_023,networks,0.7317,5,2026-05-04 05:44:03.645792+00:00
synth_user_023,statistics,0.3781,15,2026-05-04 05:44:03.790838+00:00
synth_user_023,calculus,0.4408,20,2026-05-04 05:44:03.940971+00:00
synth_user_023,networks,0.3599,5,2026-05-04 05:44:04.090526+00:00
synth_user_023,operating_systems,0.5697,15,2026-05-04 05:44:04.331144+00:00
synth_user_023,calculus,0.6689,15,2026-05-04 05:44:04.477802+00:00
synth_user_024,statistics,0.4247,20,2026-05-04 05:44:56.555832+00:00
synth_user_024,object_oriented_programming,0.6513,20,2026-05-04 05:44:56.689655+00:00
synth_user_024,linear_algebra,0.6824,5,2026-05-04 05:44:56.848591+00:00
synth_user_024,statistics,0.6252,20,2026-05-04 05:44:57.000898+00:00
synth_user_024,object_oriented_programming,0.4098,20,2026-05-04 05:44:57.131722+00:00
synth_user_024,object_oriented_programming,0.6472,10,2026-05-04 05:44:57.354737+00:00
synth_user_024,calculus,0.4654,5,2026-05-04 05:44:57.497723+00:00
synth_user_024,linear_algebra,0.7167,15,2026-05-04 05:44:57.649417+00:00
synth_user_024,networks,0.6904,10,2026-05-04 05:44:57.819282+00:00
synth_user_024,linear_algebra,0.5236,10,2026-05-04 05:44:57.975325+00:00
synth_user_024,calculus,0.5603,15,2026-05-04 05:44:58.115356+00:00
synth_user_024,networks,0.5193,10,2026-05-04 05:44:58.258314+00:00
synth_user_024,machine_learning,0.6072,10,2026-05-04 05:44:58.524713+00:00
synth_user_024,databases,0.7654,10,2026-05-04 05:44:58.673960+00:00
synth_user_024,linear_algebra,0.5181,20,2026-05-04 05:44:58.814019+00:00
synth_user_024,statistics,0.6896,15,2026-05-04 05:44:58.954992+00:00
synth_user_024,object_oriented_programming,0.5943,20,2026-05-04 05:44:59.105878+00:00
synth_user_024,linear_algebra,0.5412,15,2026-05-04 05:44:59.241618+00:00
synth_user_024,linear_algebra,0.6235,15,2026-05-04 05:44:59.374058+00:00
synth_user_024,statistics,0.5049,10,2026-05-04 05:44:59.614674+00:00
synth_user_024,operating_systems,0.5771,20,2026-05-04 05:44:59.772244+00:00
synth_user_024,networks,0.5027,20,2026-05-04 05:44:59.905485+00:00
synth_user_024,databases,0.8865,10,2026-05-04 05:45:00.046830+00:00
synth_user_024,machine_learning,0.619,15,2026-05-04 05:45:00.196318+00:00
synth_user_025,calculus,0.3537,5,2026-05-04 05:46:31.322080+00:00
synth_user_025,linear_algebra,0.3452,5,2026-05-04 05:46:31.465863+00:00
synth_user_025,machine_learning,0.4386,10,2026-05-04 05:46:31.628144+00:00
synth_user_025,linear_algebra,0.4627,20,2026-05-04 05:46:31.874242+00:00
synth_user_025,networks,0.3113,20,2026-05-04 05:46:32.023265+00:00
synth_user_025,machine_learning,0.2958,5,2026-05-04 05:46:32.172496+00:00
synth_user_025,statistics,0.3365,5,2026-05-04 05:46:32.321857+00:00
synth_user_026,linear_algebra,0.0122,10,2026-05-04 05:47:59.219421+00:00
synth_user_026,databases,0.3453,20,2026-05-04 05:47:59.490539+00:00
synth_user_026,databases,0.3135,10,2026-05-04 05:47:59.631110+00:00
synth_user_026,machine_learning,0.6433,15,2026-05-04 05:47:59.790265+00:00
synth_user_026,object_oriented_programming,0.411,5,2026-05-04 05:47:59.940682+00:00
synth_user_026,calculus,0.2589,5,2026-05-04 05:48:00.082677+00:00
synth_user_026,databases,0.1615,10,2026-05-04 05:48:00.247247+00:00
synth_user_026,object_oriented_programming,0.0839,15,2026-05-04 05:48:00.412757+00:00
synth_user_026,statistics,0.2992,20,2026-05-04 05:48:00.669483+00:00
synth_user_026,calculus,0.1835,5,2026-05-04 05:48:00.826501+00:00
synth_user_026,linear_algebra,0.1045,10,2026-05-04 05:48:00.961038+00:00
synth_user_026,object_oriented_programming,0.199,20,2026-05-04 05:48:01.118135+00:00
synth_user_026,machine_learning,0.144,5,2026-05-04 05:48:01.267897+00:00
synth_user_027,statistics,0.5902,15,2026-05-04 05:49:03.920770+00:00
synth_user_027,object_oriented_programming,0.5027,10,2026-05-04 05:49:04.187643+00:00
synth_user_027,machine_learning,0.7511,20,2026-05-04 05:49:04.343616+00:00
synth_user_027,object_oriented_programming,0.6707,5,2026-05-04 05:49:04.503109+00:00
synth_user_027,object_oriented_programming,0.4816,20,2026-05-04 05:49:04.644452+00:00
synth_user_027,networks,0.5731,15,2026-05-04 05:49:04.784647+00:00
synth_user_027,databases,0.4947,10,2026-05-04 05:49:04.926053+00:00
synth_user_027,machine_learning,0.4024,15,2026-05-04 05:49:05.074560+00:00
synth_user_027,operating_systems,0.7046,5,2026-05-04 05:49:05.208660+00:00
synth_user_027,networks,0.8251,5,2026-05-04 05:49:05.358496+00:00
synth_user_027,statistics,0.4131,15,2026-05-04 05:49:05.490059+00:00
synth_user_027,operating_systems,0.661,15,2026-05-04 05:49:05.689725+00:00
synth_user_027,linear_algebra,0.5091,5,2026-05-04 05:49:05.848228+00:00
synth_user_027,operating_systems,0.535,15,2026-05-04 05:49:06.061482+00:00
synth_user_027,operating_systems,0.5224,5,2026-05-04 05:49:06.220493+00:00
synth_user_027,machine_learning,0.4647,20,2026-05-04 05:49:06.379071+00:00
synth_user_027,statistics,0.5867,20,2026-05-04 05:49:06.529791+00:00
synth_user_027,databases,0.5,5,2026-05-04 05:49:06.695607+00:00
synth_user_027,operating_systems,0.6259,10,2026-05-04 05:49:06.836276+00:00
synth_user_027,linear_algebra,0.5811,20,2026-05-04 05:49:07.068180+00:00
synth_user_027,statistics,0.5522,20,2026-05-04 05:49:07.235915+00:00
synth_user_027,calculus,0.4657,10,2026-05-04 05:49:07.384876+00:00
synth_user_027,calculus,0.5054,20,2026-05-04 05:49:07.540240+00:00
synth_user_028,linear_algebra,0.5366,15,2026-05-04 05:50:18.774355+00:00
synth_user_028,linear_algebra,0.3114,10,2026-05-04 05:50:19.015819+00:00
synth_user_028,statistics,0.5721,15,2026-05-04 05:50:19.176400+00:00
synth_user_028,linear_algebra,0.4322,15,2026-05-04 05:50:19.334590+00:00
synth_user_028,object_oriented_programming,0.5949,5,2026-05-04 05:50:19.501122+00:00
synth_user_028,databases,0.4299,10,2026-05-04 05:50:19.652787+00:00
synth_user_028,calculus,0.2854,10,2026-05-04 05:50:19.790970+00:00
synth_user_028,databases,0.3262,15,2026-05-04 05:50:20.052562+00:00
synth_user_028,databases,0.5273,20,2026-05-04 05:50:20.198668+00:00
synth_user_028,calculus,0.5332,20,2026-05-04 05:50:20.347682+00:00
synth_user_028,statistics,0.3984,15,2026-05-04 05:50:20.497220+00:00
synth_user_028,operating_systems,0.5933,20,2026-05-04 05:50:20.649662+00:00
synth_user_028,networks,0.3192,15,2026-05-04 05:50:20.792527+00:00
synth_user_028,statistics,0.4989,5,2026-05-04 05:50:20.936684+00:00
synth_user_028,linear_algebra,0.3664,15,2026-05-04 05:50:21.186431+00:00
synth_user_028,object_oriented_programming,0.4482,20,2026-05-04 05:50:21.331996+00:00
synth_user_028,calculus,0.5077,20,2026-05-04 05:50:21.484821+00:00
synth_user_028,statistics,0.4036,10,2026-05-04 05:50:21.661045+00:00
synth_user_028,operating_systems,0.4705,5,2026-05-04 05:50:21.810093+00:00
synth_user_028,statistics,0.6276,5,2026-05-04 05:50:21.952854+00:00
synth_user_028,operating_systems,0.4474,10,2026-05-04 05:50:22.092542+00:00
synth_user_028,databases,0.6218,15,2026-05-04 05:50:22.258712+00:00
synth_user_028,networks,0.383,5,2026-05-04 05:50:22.416908+00:00
synth_user_029,operating_systems,0.5022,10,2026-05-04 05:51:22.070324+00:00
synth_user_029,statistics,0.4019,10,2026-05-04 05:51:22.250267+00:00
synth_user_029,databases,0.4809,10,2026-05-04 05:51:22.402006+00:00
synth_user_029,object_oriented_programming,0.3672,5,2026-05-04 05:51:22.551309+00:00
synth_user_029,object_oriented_programming,0.4501,10,2026-05-04 05:51:22.801650+00:00
synth_user_029,machine_learning,0.4009,5,2026-05-04 05:51:22.969201+00:00
synth_user_029,networks,0.5744,15,2026-05-04 05:51:23.142212+00:00
synth_user_029,machine_learning,0.4501,15,2026-05-04 05:51:23.300668+00:00
synth_user_029,statistics,0.4668,5,2026-05-04 05:51:23.457941+00:00
synth_user_029,databases,0.3869,5,2026-05-04 05:51:23.607249+00:00
synth_user_029,databases,0.3778,5,2026-05-04 05:51:23.882312+00:00
synth_user_029,databases,0.3844,20,2026-05-04 05:51:24.039111+00:00
synth_user_029,machine_learning,0.4669,20,2026-05-04 05:51:24.197592+00:00
synth_user_029,databases,0.3858,5,2026-05-04 05:51:24.355318+00:00
synth_user_029,operating_systems,0.4677,15,2026-05-04 05:51:24.504557+00:00
synth_user_030,operating_systems,0.8518,20,2026-05-04 05:52:36.459547+00:00
synth_user_030,machine_learning,0.4578,5,2026-05-04 05:52:36.623385+00:00
synth_user_030,linear_algebra,0.6082,20,2026-05-04 05:52:36.785810+00:00
synth_user_030,operating_systems,0.5136,5,2026-05-04 05:52:36.943650+00:00
synth_user_030,calculus,0.6691,20,2026-05-04 05:52:37.093510+00:00
synth_user_030,databases,0.7492,20,2026-05-04 05:52:37.243618+00:00
synth_user_030,statistics,0.9214,5,2026-05-04 05:52:37.409164+00:00
synth_user_030,statistics,0.7594,10,2026-05-04 05:52:37.575329+00:00
synth_user_030,object_oriented_programming,0.7296,20,2026-05-04 05:52:37.749737+00:00
synth_user_030,linear_algebra,0.8286,15,2026-05-04 05:52:38.007804+00:00
synth_user_030,databases,0.4816,10,2026-05-04 05:52:38.174785+00:00
synth_user_030,machine_learning,0.7306,10,2026-05-04 05:52:38.341286+00:00
synth_user_030,operating_systems,0.8306,20,2026-05-04 05:52:38.520065+00:00
synth_user_030,databases,0.5695,20,2026-05-04 05:52:38.689381+00:00
synth_user_030,operating_systems,0.8753,10,2026-05-04 05:52:38.854870+00:00
synth_user_030,databases,0.7876,10,2026-05-04 05:52:39.089932+00:00
synth_user_030,linear_algebra,0.6793,10,2026-05-04 05:52:39.230808+00:00
synth_user_030,calculus,0.7872,20,2026-05-04 05:52:39.388889+00:00
synth_user_030,databases,1.0,20,2026-05-04 05:52:39.546520+00:00
synth_user_030,machine_learning,0.7242,20,2026-05-04 05:52:39.678550+00:00
synth_user_030,calculus,0.7411,15,2026-05-04 05:52:39.862513+00:00
synth_user_030,networks,0.6865,10,2026-05-04 05:52:40.014213+00:00
synth_user_030,object_oriented_programming,0.6539,5,2026-05-04 05:52:40.245270+00:00
synth_user_030,operating_systems,0.8377,5,2026-05-04 05:52:40.388838+00:00
synth_user_031,networks,0.3665,10,2026-05-04 05:53:58.708581+00:00
synth_user_031,linear_algebra,0.441,5,2026-05-04 05:53:58.846167+00:00
synth_user_031,networks,0.257,10,2026-05-04 05:53:59.020558+00:00
synth_user_031,machine_learning,0.2804,20,2026-05-04 05:53:59.186714+00:00
synth_user_031,calculus,0.1966,20,2026-05-04 05:53:59.344049+00:00
synth_user_031,databases,0.2657,5,2026-05-04 05:53:59.616888+00:00
synth_user_031,statistics,0.3605,10,2026-05-04 05:53:59.774345+00:00
synth_user_031,networks,0.4091,10,2026-05-04 05:53:59.924020+00:00
synth_user_031,networks,0.2076,5,2026-05-04 05:54:00.077370+00:00
synth_user_031,operating_systems,0.4221,5,2026-05-04 05:54:00.232535+00:00
synth_user_031,machine_learning,0.4755,15,2026-05-04 05:54:00.391365+00:00
synth_user_031,statistics,0.3649,5,2026-05-04 05:54:00.548138+00:00
synth_user_031,object_oriented_programming,0.5454,20,2026-05-04 05:54:00.698202+00:00
synth_user_031,machine_learning,0.2199,20,2026-05-04 05:54:00.864520+00:00
synth_user_031,linear_algebra,0.1672,5,2026-05-04 05:54:01.023173+00:00
synth_user_031,operating_systems,0.1043,20,2026-05-04 05:54:01.163625+00:00
synth_user_031,calculus,0.4936,5,2026-05-04 05:54:01.321807+00:00
synth_user_031,statistics,0.3938,10,2026-05-04 05:54:01.487370+00:00
synth_user_031,machine_learning,0.3061,10,2026-05-04 05:54:01.669205+00:00
synth_user_031,statistics,0.3489,5,2026-05-04 05:54:01.827830+00:00
synth_user_031,statistics,0.1802,20,2026-05-04 05:54:01.977456+00:00
synth_user_031,networks,0.6117,10,2026-05-04 05:54:02.135054+00:00
synth_user_031,machine_learning,0.3283,15,2026-05-04 05:54:02.294025+00:00
synth_user_032,object_oriented_programming,0.3423,15,2026-05-04 05:55:03.956731+00:00
synth_user_032,calculus,0.4772,15,2026-05-04 05:55:04.114717+00:00
synth_user_032,statistics,0.6498,5,2026-05-04 05:55:04.261828+00:00
synth_user_032,databases,0.5953,5,2026-05-04 05:55:04.413306+00:00
synth_user_032,operating_systems,0.6217,15,2026-05-04 05:55:04.575388+00:00
synth_user_032,object_oriented_programming,0.3758,15,2026-05-04 05:55:04.725725+00:00
synth_user_032,networks,0.3131,10,2026-05-04 05:55:04.872157+00:00
synth_user_032,networks,0.4168,5,2026-05-04 05:55:05.029795+00:00
synth_user_032,databases,0.4406,10,2026-05-04 05:55:05.189531+00:00
synth_user_032,databases,0.5652,15,2026-05-04 05:55:05.343802+00:00
synth_user_032,object_oriented_programming,0.2341,5,2026-05-04 05:55:05.483863+00:00
synth_user_032,databases,0.6174,15,2026-05-04 05:55:05.627678+00:00
synth_user_032,statistics,0.405,20,2026-05-04 05:55:05.776644+00:00
synth_user_032,object_oriented_programming,0.3859,10,2026-05-04 05:55:05.934756+00:00
synth_user_032,calculus,0.2992,5,2026-05-04 05:55:06.101723+00:00
synth_user_032,statistics,0.2254,10,2026-05-04 05:55:06.355429+00:00
synth_user_032,operating_systems,0.5293,20,2026-05-04 05:55:06.499847+00:00
synth_user_032,calculus,0.4295,20,2026-05-04 05:55:06.647945+00:00
synth_user_033,databases,0.3619,20,2026-05-04 05:56:37.280393+00:00
synth_user_033,object_oriented_programming,0.2153,15,2026-05-04 05:56:37.439512+00:00
synth_user_033,statistics,0.3559,5,2026-05-04 05:56:37.598744+00:00
synth_user_033,calculus,0.3501,5,2026-05-04 05:56:37.755602+00:00
synth_user_033,operating_systems,0.0669,10,2026-05-04 05:56:38.039825+00:00
synth_user_033,calculus,0.3763,5,2026-05-04 05:56:38.176274+00:00
synth_user_033,linear_algebra,0.3602,15,2026-05-04 05:56:38.336999+00:00
synth_user_033,machine_learning,0.4638,5,2026-05-04 05:56:38.487302+00:00
synth_user_033,object_oriented_programming,0.6175,20,2026-05-04 05:56:38.634396+00:00
synth_user_033,statistics,0.5206,15,2026-05-04 05:56:38.794172+00:00
synth_user_033,object_oriented_programming,0.3634,20,2026-05-04 05:56:39.042950+00:00
synth_user_033,calculus,0.25,20,2026-05-04 05:56:39.209355+00:00
synth_user_033,object_oriented_programming,0.7045,15,2026-05-04 05:56:39.374501+00:00
synth_user_033,databases,0.4002,10,2026-05-04 05:56:39.533508+00:00
synth_user_034,object_oriented_programming,0.4085,10,2026-05-04 05:57:40.274990+00:00
synth_user_034,databases,0.4077,20,2026-05-04 05:57:40.429721+00:00
synth_user_034,networks,0.467,15,2026-05-04 05:57:40.574489+00:00
synth_user_034,operating_systems,0.4041,5,2026-05-04 05:57:40.732363+00:00
synth_user_034,machine_learning,0.3677,20,2026-05-04 05:57:40.883570+00:00
synth_user_034,statistics,0.474,15,2026-05-04 05:57:41.040438+00:00
synth_user_034,statistics,0.4307,5,2026-05-04 05:57:41.197934+00:00
synth_user_034,linear_algebra,0.6458,10,2026-05-04 05:57:41.372429+00:00
synth_user_034,linear_algebra,0.1472,20,2026-05-04 05:57:41.538024+00:00
synth_user_034,statistics,0.5923,15,2026-05-04 05:57:41.798127+00:00
synth_user_034,calculus,0.6068,5,2026-05-04 05:57:41.963579+00:00
synth_user_035,object_oriented_programming,0.2453,20,2026-05-04 05:58:48.734001+00:00
synth_user_035,operating_systems,0.1061,5,2026-05-04 05:58:48.892446+00:00
synth_user_035,statistics,0.1807,10,2026-05-04 05:58:49.051734+00:00
synth_user_035,networks,0.1419,15,2026-05-04 05:58:49.309452+00:00
synth_user_035,databases,0.4857,10,2026-05-04 05:58:49.467509+00:00
synth_user_035,networks,0.3874,20,2026-05-04 05:58:49.620324+00:00
synth_user_035,object_oriented_programming,0.4285,20,2026-05-04 05:58:49.787855+00:00
synth_user_035,statistics,0.3607,5,2026-05-04 05:58:49.965493+00:00
synth_user_035,databases,0.14,10,2026-05-04 05:58:50.123077+00:00
synth_user_035,statistics,0.2111,5,2026-05-04 05:58:50.394473+00:00
synth_user_035,networks,0.3339,15,2026-05-04 05:58:50.538743+00:00
synth_user_035,machine_learning,0.1265,5,2026-05-04 05:58:50.683234+00:00
synth_user_035,operating_systems,0.3605,20,2026-05-04 05:58:50.845819+00:00
synth_user_035,calculus,0.2448,20,2026-05-04 05:58:50.987872+00:00
synth_user_035,operating_systems,0.23,10,2026-05-04 05:58:51.161162+00:00
synth_user_035,statistics,0.3594,20,2026-05-04 05:58:51.311702+00:00
synth_user_035,linear_algebra,0.3278,10,2026-05-04 05:58:51.593502+00:00
synth_user_035,databases,0.2321,5,2026-05-04 05:58:51.769885+00:00
synth_user_035,calculus,0.4127,5,2026-05-04 05:58:51.917491+00:00
synth_user_035,calculus,0.1439,20,2026-05-04 05:58:52.092891+00:00
synth_user_035,object_oriented_programming,0.3498,10,2026-05-04 05:58:52.257905+00:00
synth_user_035,object_oriented_programming,0.3471,10,2026-05-04 05:58:52.416056+00:00
synth_user_035,databases,0.2383,20,2026-05-04 05:58:52.698339+00:00
synth_user_035,object_oriented_programming,0.315,20,2026-05-04 05:58:52.863975+00:00
synth_user_036,operating_systems,0.2942,10,2026-05-04 06:00:09.845486+00:00
synth_user_036,linear_algebra,0.2028,20,2026-05-04 06:00:10.014608+00:00
synth_user_036,calculus,0.4571,10,2026-05-04 06:00:10.164163+00:00
synth_user_036,linear_algebra,0.2359,15,2026-05-04 06:00:10.338442+00:00
synth_user_036,databases,0.6053,20,2026-05-04 06:00:10.504568+00:00
synth_user_036,operating_systems,0.1423,10,2026-05-04 06:00:10.670842+00:00
synth_user_036,operating_systems,0.5957,15,2026-05-04 06:00:10.828572+00:00
synth_user_036,databases,0.4201,15,2026-05-04 06:00:10.977880+00:00
synth_user_036,object_oriented_programming,0.3857,20,2026-05-04 06:00:11.136787+00:00
synth_user_036,linear_algebra,0.3242,10,2026-05-04 06:00:11.300189+00:00
synth_user_036,machine_learning,0.4296,10,2026-05-04 06:00:11.452089+00:00
synth_user_036,linear_algebra,0.385,20,2026-05-04 06:00:11.617673+00:00
synth_user_036,object_oriented_programming,0.5297,15,2026-05-04 06:00:11.800297+00:00
synth_user_036,operating_systems,0.4059,10,2026-05-04 06:00:11.958603+00:00
synth_user_036,operating_systems,0.4102,10,2026-05-04 06:00:12.123757+00:00
synth_user_036,statistics,0.3433,5,2026-05-04 06:00:12.281885+00:00
synth_user_036,statistics,0.3801,20,2026-05-04 06:00:12.439086+00:00
synth_user_037,statistics,0.689,15,2026-05-04 06:01:15.530626+00:00
synth_user_037,databases,0.6702,20,2026-05-04 06:01:15.689927+00:00
synth_user_037,calculus,0.6627,20,2026-05-04 06:01:15.857395+00:00
synth_user_037,calculus,0.7022,5,2026-05-04 06:01:16.015895+00:00
synth_user_037,networks,0.6228,5,2026-05-04 06:01:16.288088+00:00
synth_user_037,calculus,0.5671,10,2026-05-04 06:01:16.430408+00:00
synth_user_037,operating_systems,0.7078,20,2026-05-04 06:01:16.580059+00:00
synth_user_037,databases,0.5749,20,2026-05-04 06:01:16.737403+00:00
synth_user_037,calculus,0.7095,20,2026-05-04 06:01:16.895778+00:00
synth_user_037,networks,0.4832,20,2026-05-04 06:01:17.046092+00:00
synth_user_037,networks,0.811,10,2026-05-04 06:01:17.196110+00:00
synth_user_037,operating_systems,0.7411,5,2026-05-04 06:01:17.454070+00:00
synth_user_037,networks,0.7182,10,2026-05-04 06:01:17.625633+00:00
synth_user_037,linear_algebra,0.7943,20,2026-05-04 06:01:17.838021+00:00
synth_user_037,machine_learning,0.8524,15,2026-05-04 06:01:17.985847+00:00
synth_user_037,networks,0.8093,5,2026-05-04 06:01:18.134351+00:00
synth_user_037,object_oriented_programming,0.4793,5,2026-05-04 06:01:18.291565+00:00
synth_user_037,operating_systems,0.5308,15,2026-05-04 06:01:18.591619+00:00
synth_user_037,databases,0.6173,20,2026-05-04 06:01:18.766840+00:00
synth_user_037,linear_algebra,0.6795,15,2026-05-04 06:01:18.947908+00:00
synth_user_037,machine_learning,0.7147,20,2026-05-04 06:01:19.098560+00:00
synth_user_037,operating_systems,0.5973,5,2026-05-04 06:01:19.263422+00:00
synth_user_037,object_oriented_programming,0.7227,15,2026-05-04 06:01:19.589171+00:00
synth_user_037,databases,0.6016,5,2026-05-04 06:01:19.754970+00:00
synth_user_038,calculus,0.3713,20,2026-05-04 06:02:32.394676+00:00
synth_user_038,networks,0.6306,15,2026-05-04 06:02:32.541725+00:00
synth_user_038,object_oriented_programming,0.3976,20,2026-05-04 06:02:32.699910+00:00
synth_user_038,linear_algebra,0.8135,5,2026-05-04 06:02:32.939828+00:00
synth_user_038,operating_systems,0.5615,5,2026-05-04 06:02:33.106572+00:00
synth_user_038,calculus,0.5106,15,2026-05-04 06:02:33.256953+00:00
synth_user_038,networks,0.4011,5,2026-05-04 06:02:33.407479+00:00
synth_user_038,linear_algebra,0.5817,15,2026-05-04 06:02:33.554992+00:00
synth_user_038,statistics,0.424,20,2026-05-04 06:02:33.721036+00:00
synth_user_038,networks,0.5188,15,2026-05-04 06:02:33.878709+00:00
synth_user_038,networks,0.8113,10,2026-05-04 06:02:34.030946+00:00
synth_user_038,databases,0.4954,10,2026-05-04 06:02:34.179826+00:00
synth_user_038,networks,0.642,5,2026-05-04 06:02:34.346320+00:00
synth_user_038,databases,0.4225,15,2026-05-04 06:02:34.501142+00:00
synth_user_038,calculus,0.4842,10,2026-05-04 06:02:34.669539+00:00
synth_user_038,statistics,0.7055,5,2026-05-04 06:02:34.819849+00:00
synth_user_038,statistics,0.4178,5,2026-05-04 06:02:35.050984+00:00
synth_user_038,databases,0.7244,15,2026-05-04 06:02:35.210199+00:00
synth_user_038,statistics,0.578,20,2026-05-04 06:02:35.365197+00:00
synth_user_038,object_oriented_programming,0.444,15,2026-05-04 06:02:35.515860+00:00
synth_user_038,machine_learning,0.5597,20,2026-05-04 06:02:35.675604+00:00
synth_user_039,networks,0.9196,10,2026-05-04 06:03:48.344022+00:00
synth_user_039,statistics,0.7502,20,2026-05-04 06:03:48.504624+00:00
synth_user_039,calculus,0.824,10,2026-05-04 06:03:48.671331+00:00
synth_user_039,networks,0.8037,20,2026-05-04 06:03:48.849196+00:00
synth_user_039,operating_systems,0.6182,20,2026-05-04 06:03:49.002791+00:00
synth_user_039,linear_algebra,0.8144,15,2026-05-04 06:03:49.161559+00:00
synth_user_039,calculus,0.8228,10,2026-05-04 06:03:49.311486+00:00
synth_user_039,operating_systems,0.8457,20,2026-05-04 06:03:49.544393+00:00
synth_user_039,networks,0.912,20,2026-05-04 06:03:49.709834+00:00
synth_user_039,calculus,0.8496,15,2026-05-04 06:03:49.860140+00:00
synth_user_039,machine_learning,0.7949,10,2026-05-04 06:03:50.017826+00:00
synth_user_039,networks,0.7739,15,2026-05-04 06:03:50.190735+00:00
synth_user_039,databases,0.5888,20,2026-05-04 06:03:50.395054+00:00
synth_user_039,calculus,0.801,5,2026-05-04 06:03:50.545541+00:00
synth_user_039,calculus,0.7744,20,2026-05-04 06:03:50.797069+00:00
synth_user_040,databases,0.5028,20,2026-05-04 06:05:01.100176+00:00
synth_user_040,databases,0.7589,5,2026-05-04 06:05:01.259437+00:00
synth_user_040,linear_algebra,0.614,15,2026-05-04 06:05:01.417715+00:00
synth_user_040,operating_systems,0.7074,10,2026-05-04 06:05:01.567002+00:00
synth_user_040,object_oriented_programming,0.6428,5,2026-05-04 06:05:01.724555+00:00
synth_user_040,statistics,0.6155,5,2026-05-04 06:05:01.889596+00:00
synth_user_040,calculus,0.7176,20,2026-05-04 06:05:02.065428+00:00
synth_user_040,statistics,0.55,5,2026-05-04 06:05:02.322201+00:00
synth_user_041,statistics,0.5329,5,2026-05-04 06:06:31.918943+00:00
synth_user_041,machine_learning,0.439,20,2026-05-04 06:06:32.082657+00:00
synth_user_041,networks,0.6686,5,2026-05-04 06:06:32.241064+00:00
synth_user_041,statistics,0.3988,5,2026-05-04 06:06:32.408064+00:00
synth_user_041,statistics,0.4838,10,2026-05-04 06:06:32.582663+00:00
synth_user_041,machine_learning,0.4437,15,2026-05-04 06:06:32.813967+00:00
synth_user_041,statistics,0.6798,5,2026-05-04 06:06:32.939545+00:00
synth_user_041,databases,0.5444,20,2026-05-04 06:06:33.075943+00:00
synth_user_041,calculus,0.6252,5,2026-05-04 06:06:33.210612+00:00
synth_user_041,statistics,0.3279,15,2026-05-04 06:06:33.353194+00:00
synth_user_041,calculus,0.5334,20,2026-05-04 06:06:33.492926+00:00
synth_user_041,networks,0.6246,5,2026-05-04 06:06:33.642332+00:00
synth_user_041,statistics,0.5161,10,2026-05-04 06:06:33.868075+00:00
synth_user_041,object_oriented_programming,0.6535,5,2026-05-04 06:06:34.014397+00:00
synth_user_042,networks,0.2907,20,2026-05-04 06:07:41.962957+00:00
synth_user_042,databases,0.5196,5,2026-05-04 06:07:42.107277+00:00
synth_user_042,networks,0.5338,20,2026-05-04 06:07:42.252776+00:00
synth_user_042,databases,0.2825,5,2026-05-04 06:07:42.386446+00:00
synth_user_042,networks,0.2938,10,2026-05-04 06:07:42.659720+00:00
synth_user_042,machine_learning,0.3029,15,2026-05-04 06:07:42.834420+00:00
synth_user_042,operating_systems,0.1822,10,2026-05-04 06:07:42.988617+00:00
synth_user_042,machine_learning,0.2264,10,2026-05-04 06:07:43.134655+00:00
synth_user_042,networks,0.2237,15,2026-05-04 06:07:43.275251+00:00
synth_user_042,databases,0.2531,5,2026-05-04 06:07:43.423936+00:00
synth_user_042,databases,0.3411,5,2026-05-04 06:07:43.716831+00:00
synth_user_042,calculus,0.3665,20,2026-05-04 06:07:43.855463+00:00
synth_user_042,statistics,0.5262,5,2026-05-04 06:07:44.001336+00:00
synth_user_042,machine_learning,0.2169,5,2026-05-04 06:07:44.146500+00:00
synth_user_042,linear_algebra,0.4599,5,2026-05-04 06:07:44.284757+00:00
synth_user_042,machine_learning,0.311,10,2026-05-04 06:07:44.446569+00:00
synth_user_042,networks,0.3383,15,2026-05-04 06:07:44.594404+00:00
synth_user_042,linear_algebra,0.4228,5,2026-05-04 06:07:44.807153+00:00
synth_user_042,operating_systems,0.2088,20,2026-05-04 06:07:44.951865+00:00
synth_user_042,statistics,0.386,5,2026-05-04 06:07:45.077028+00:00
synth_user_042,machine_learning,0.3567,5,2026-05-04 06:07:45.226145+00:00
synth_user_042,networks,0.4033,20,2026-05-04 06:07:45.374606+00:00
synth_user_042,linear_algebra,0.3765,20,2026-05-04 06:07:45.509305+00:00
synth_user_042,machine_learning,0.6313,15,2026-05-04 06:07:45.642963+00:00
synth_user_043,machine_learning,0.3346,5,2026-05-04 06:08:53.293269+00:00
synth_user_043,databases,0.5697,15,2026-05-04 06:08:53.441661+00:00
synth_user_043,object_oriented_programming,0.6007,20,2026-05-04 06:08:53.618678+00:00
synth_user_043,machine_learning,0.3426,5,2026-05-04 06:08:53.756460+00:00
synth_user_043,object_oriented_programming,0.3303,5,2026-05-04 06:08:53.915801+00:00
synth_user_043,calculus,0.4709,5,2026-05-04 06:08:54.061045+00:00
synth_user_043,machine_learning,0.3449,20,2026-05-04 06:08:54.264643+00:00
synth_user_043,machine_learning,0.4871,5,2026-05-04 06:08:54.400683+00:00
synth_user_043,databases,0.4514,20,2026-05-04 06:08:54.543155+00:00
synth_user_043,calculus,0.2324,20,2026-05-04 06:08:54.702175+00:00
synth_user_043,databases,0.6127,20,2026-05-04 06:08:54.847295+00:00
synth_user_043,machine_learning,0.6266,15,2026-05-04 06:08:54.977305+00:00
synth_user_043,linear_algebra,0.3471,5,2026-05-04 06:08:55.123635+00:00
synth_user_043,object_oriented_programming,0.3837,15,2026-05-04 06:08:55.250821+00:00
synth_user_043,statistics,0.4518,20,2026-05-04 06:08:55.481353+00:00
synth_user_043,object_oriented_programming,0.4703,5,2026-05-04 06:08:55.614758+00:00
synth_user_043,statistics,0.4965,20,2026-05-04 06:08:55.751763+00:00
synth_user_043,operating_systems,0.6651,5,2026-05-04 06:08:55.913425+00:00
synth_user_043,operating_systems,0.4026,20,2026-05-04 06:08:56.064076+00:00
synth_user_043,networks,0.3293,10,2026-05-04 06:08:56.213782+00:00
synth_user_043,object_oriented_programming,0.2647,20,2026-05-04 06:08:56.370537+00:00
synth_user_043,calculus,0.3266,15,2026-05-04 06:08:56.519305+00:00
synth_user_044,calculus,0.2989,5,2026-05-04 06:10:02.261861+00:00
synth_user_044,linear_algebra,0.3922,20,2026-05-04 06:10:02.396326+00:00
synth_user_044,calculus,0.359,15,2026-05-04 06:10:02.545331+00:00
synth_user_044,machine_learning,0.5015,10,2026-05-04 06:10:02.788979+00:00
synth_user_044,object_oriented_programming,0.675,20,2026-05-04 06:10:02.911600+00:00
synth_user_044,object_oriented_programming,0.308,15,2026-05-04 06:10:03.050454+00:00
synth_user_044,databases,0.3109,20,2026-05-04 06:10:03.193741+00:00
synth_user_044,object_oriented_programming,0.497,20,2026-05-04 06:10:03.360216+00:00
synth_user_044,calculus,0.4428,10,2026-05-04 06:10:03.518130+00:00
synth_user_044,statistics,0.5848,15,2026-05-04 06:10:03.675704+00:00
synth_user_044,calculus,0.4311,20,2026-05-04 06:10:03.955768+00:00
synth_user_044,statistics,0.32,15,2026-05-04 06:10:04.116133+00:00
synth_user_044,linear_algebra,0.4362,10,2026-05-04 06:10:04.274079+00:00
synth_user_044,linear_algebra,0.4983,10,2026-05-04 06:10:04.440357+00:00
synth_user_044,networks,0.4668,15,2026-05-04 06:10:04.606485+00:00
synth_user_044,databases,0.4305,10,2026-05-04 06:10:04.780231+00:00
synth_user_044,object_oriented_programming,0.4997,5,2026-05-04 06:10:05.022464+00:00
synth_user_044,operating_systems,0.5078,15,2026-05-04 06:10:05.187302+00:00
synth_user_044,databases,0.5355,5,2026-05-04 06:10:05.352093+00:00
synth_user_044,linear_algebra,0.4431,20,2026-05-04 06:10:05.536995+00:00
synth_user_044,networks,0.3483,5,2026-05-04 06:10:05.710750+00:00
synth_user_044,linear_algebra,0.3829,20,2026-05-04 06:10:05.876755+00:00
synth_user_044,statistics,0.5079,20,2026-05-04 06:10:06.111583+00:00
synth_user_044,statistics,0.2651,10,2026-05-04 06:10:06.264122+00:00
synth_user_044,linear_algebra,0.4095,5,2026-05-04 06:10:06.409156+00:00
synth_user_045,linear_algebra,0.4304,15,2026-05-04 06:11:26.054833+00:00
synth_user_045,statistics,0.4496,5,2026-05-04 06:11:26.309587+00:00
synth_user_045,linear_algebra,0.4356,15,2026-05-04 06:11:26.464954+00:00
synth_user_045,operating_systems,0.2702,20,2026-05-04 06:11:26.622927+00:00
synth_user_045,operating_systems,0.5229,5,2026-05-04 06:11:26.796850+00:00
synth_user_045,linear_algebra,0.5075,20,2026-05-04 06:11:26.972967+00:00
synth_user_045,object_oriented_programming,0.6997,15,2026-05-04 06:11:27.137661+00:00
synth_user_045,object_oriented_programming,0.4032,5,2026-05-04 06:11:27.295416+00:00
synth_user_045,networks,0.461,20,2026-05-04 06:11:27.453936+00:00
synth_user_045,operating_systems,0.4633,5,2026-05-04 06:11:27.720164+00:00
synth_user_045,statistics,0.616,10,2026-05-04 06:11:27.877067+00:00
synth_user_045,linear_algebra,0.4186,10,2026-05-04 06:11:28.044220+00:00
synth_user_046,operating_systems,0.5359,5,2026-05-04 06:12:31.213882+00:00
synth_user_046,machine_learning,0.5983,15,2026-05-04 06:12:31.378728+00:00
synth_user_046,statistics,0.355,10,2026-05-04 06:12:31.544542+00:00
synth_user_046,statistics,0.4941,5,2026-05-04 06:12:31.711321+00:00
synth_user_046,object_oriented_programming,0.4115,10,2026-05-04 06:12:31.910174+00:00
synth_user_046,databases,0.6346,10,2026-05-04 06:12:32.139228+00:00
synth_user_046,machine_learning,0.2867,15,2026-05-04 06:12:32.300880+00:00
synth_user_046,calculus,0.4068,15,2026-05-04 06:12:32.466120+00:00
synth_user_046,databases,0.5364,5,2026-05-04 06:12:32.624932+00:00
synth_user_046,linear_algebra,0.6704,5,2026-05-04 06:12:32.782401+00:00
synth_user_046,machine_learning,0.4616,15,2026-05-04 06:12:32.948253+00:00
synth_user_046,object_oriented_programming,0.4289,20,2026-05-04 06:12:33.106313+00:00
synth_user_046,networks,0.7143,20,2026-05-04 06:12:33.272655+00:00
synth_user_046,operating_systems,0.3131,15,2026-05-04 06:12:33.447089+00:00
synth_user_046,operating_systems,0.223,20,2026-05-04 06:12:33.712857+00:00
synth_user_046,networks,0.5414,20,2026-05-04 06:12:33.879015+00:00
synth_user_046,statistics,0.4179,20,2026-05-04 06:12:34.045900+00:00
synth_user_046,object_oriented_programming,0.373,5,2026-05-04 06:12:34.194350+00:00
synth_user_046,object_oriented_programming,0.5805,15,2026-05-04 06:12:34.358634+00:00
synth_user_046,databases,0.5204,10,2026-05-04 06:12:34.516441+00:00
synth_user_046,linear_algebra,0.4148,5,2026-05-04 06:12:34.667431+00:00
synth_user_046,object_oriented_programming,0.3419,5,2026-05-04 06:12:34.825703+00:00
synth_user_046,linear_algebra,0.5872,5,2026-05-04 06:12:34.968700+00:00
synth_user_046,object_oriented_programming,0.5735,10,2026-05-04 06:12:35.101639+00:00
synth_user_046,object_oriented_programming,0.4836,5,2026-05-04 06:12:35.248616+00:00
synth_user_047,operating_systems,0.7891,5,2026-05-04 06:13:25.067714+00:00
synth_user_047,operating_systems,0.8237,5,2026-05-04 06:13:25.242578+00:00
synth_user_047,operating_systems,0.7656,5,2026-05-04 06:13:25.408614+00:00
synth_user_047,linear_algebra,0.8268,20,2026-05-04 06:13:25.678776+00:00
synth_user_047,machine_learning,0.6045,10,2026-05-04 06:13:25.824711+00:00
synth_user_047,linear_algebra,0.9578,15,2026-05-04 06:13:25.971807+00:00
synth_user_047,statistics,0.7647,15,2026-05-04 06:13:26.115711+00:00
synth_user_047,linear_algebra,0.9186,20,2026-05-04 06:13:26.282068+00:00
synth_user_047,databases,0.8456,20,2026-05-04 06:13:26.438945+00:00
synth_user_047,operating_systems,0.8493,5,2026-05-04 06:13:26.588428+00:00
synth_user_047,networks,0.8669,20,2026-05-04 06:13:26.821052+00:00
synth_user_048,databases,0.6587,10,2026-05-04 06:14:15.226537+00:00
synth_user_048,networks,0.6395,15,2026-05-04 06:14:15.377651+00:00
synth_user_048,calculus,0.6784,10,2026-05-04 06:14:15.526597+00:00
synth_user_048,databases,0.6091,20,2026-05-04 06:14:15.676123+00:00
synth_user_048,operating_systems,0.7861,5,2026-05-04 06:14:15.825456+00:00
synth_user_048,object_oriented_programming,0.5454,20,2026-05-04 06:14:15.974433+00:00
synth_user_048,machine_learning,0.8028,15,2026-05-04 06:14:16.117041+00:00
synth_user_048,databases,0.6151,10,2026-05-04 06:14:16.258397+00:00
synth_user_048,linear_algebra,0.4349,5,2026-05-04 06:14:16.407258+00:00
synth_user_049,networks,0.4894,5,2026-05-04 06:15:36.090049+00:00
synth_user_049,operating_systems,0.314,15,2026-05-04 06:15:36.256664+00:00
synth_user_049,operating_systems,0.4865,10,2026-05-04 06:15:36.423495+00:00
synth_user_049,object_oriented_programming,0.2605,10,2026-05-04 06:15:36.572363+00:00
synth_user_049,linear_algebra,0.3454,20,2026-05-04 06:15:36.838067+00:00
synth_user_049,object_oriented_programming,0.6427,10,2026-05-04 06:15:36.973617+00:00
synth_user_049,object_oriented_programming,0.6457,15,2026-05-04 06:15:37.153765+00:00
synth_user_049,linear_algebra,0.5865,10,2026-05-04 06:15:37.333658+00:00
synth_user_049,calculus,0.4088,20,2026-05-04 06:15:37.548116+00:00
synth_user_049,operating_systems,0.535,5,2026-05-04 06:15:37.688016+00:00
synth_user_049,databases,0.5457,10,2026-05-04 06:15:37.826114+00:00
